site,bot_depth,secchi_depth,depth,temperature,salinity,oxygen,phosphate,total_phosphorus,silicate,nitrate_nitrite,nitrate,nitrite,ammonium,total_nitrogen,hydrogen_sulphide,ph,total_alkalinity,chlorophyll_a
site_54.32_11.55,23.79310344827586,7.689655172413793,12.276986096551726,6.893620689655172,14.058379310344828,7.855862068965517,0.16000000000000003,0.49,7.558620689655172,4.28,2.103448275862069,0.27965517241379306,1.0413793103448277,15.0,1.2,8.08,1.587,1.3724137931034481
site_54.63_14.28,,,,,,,,,,,,,,,,,,
site_55.0_14.08,47.61722488038278,6.679425837320574,19.73415995215311,8.281354066985646,9.749373205741627,7.296889952153109,0.4414354066985646,0.7114832535885167,12.698564593301436,4.28,2.1818181818181817,0.307177033492823,0.36076555023923446,20.239712918660288,4.444019138755981,8.14287081339713,1.6727942583732056,2.454066985645933
