site,bot_depth,secchi_depth,depth,temperature,salinity,oxygen,phosphate,total_phosphorus,silicate,nitrate_nitrite,nitrate,nitrite,ammonium,total_nitrogen,hydrogen_sulphide,ph,total_alkalinity,chlorophyll_a
site_54.32_11.55,24.346938775510203,8.3,12.472174453061225,9.692775510204083,17.406714285714287,5.933061224489797,0.43816326530612243,0.9091836734693877,15.116326530612247,4.28,4.1000000000000005,0.4085714285714286,0.6673469387755102,21.787755102040816,1.2,8.08,1.5870000000000002,3.7597959183673466
site_54.63_14.28,33.0,6.0,17.837328766666666,13.937888888888889,7.63911111111111,5.678888888888888,0.3811111111111111,0.5811111111111111,12.655555555555557,4.28,0.8,0.2288888888888889,0.6777777777777777,19.46666666666667,1.0,8.51,1.6,2.5
