site,bot_depth,secchi_depth,depth,temperature,salinity,oxygen,phosphate,total_phosphorus,silicate,nitrate_nitrite,nitrate,nitrite,ammonium,total_nitrogen,hydrogen_sulphide,ph,total_alkalinity,chlorophyll_a
site_54.32_11.55,24.867088607594937,5.393037974683544,11.835003230379748,9.234151898734178,15.445367088607595,7.007341772151899,0.2830379746835443,2.54,10.553164556962026,4.28,3.231012658227848,0.24367088607594936,0.8531645569620254,19.4,1.2,8.08,1.587,2.7184177215189873
site_54.63_14.28,30.0,6.5,14.836207276,7.608214285714285,8.145785714285713,7.8549999999999995,0.22,0.37,8.7,4.28,0.1,0.01,0.2,21.4,1.0,8.51,1.5675000000000001,5.3999999999999995
site_55.0_14.08,47.19387755102041,6.678571428571429,21.55655315387755,7.832710884353742,9.972727891156463,7.102312925170068,0.4522448979591837,0.7821088435374149,11.78265306122449,4.28,3.619047619047619,0.3280612244897959,0.5302721088435375,25.227551020408164,7.53673469387755,8.249149659863946,1.669418367346939,3.3153061224489795
