site,bot_depth,secchi_depth,depth,temperature,salinity,oxygen,phosphate,total_phosphorus,silicate,nitrate_nitrite,nitrate,nitrite,ammonium,total_nitrogen,hydrogen_sulphide,ph,total_alkalinity,chlorophyll_a
site_54.32_11.55,24.17948717948718,7.802564102564103,11.3211865008547,9.868589743589743,15.110760683760684,6.38076923076923,0.44760683760683756,0.9245299145299145,15.8,4.28,2.047008547008547,0.33384615384615385,1.7777777777777777,22.57094017094017,1.2,8.08,1.587,2.207863247863248
site_54.63_14.28,,,,,,,,,,,,,,,,,,
site_55.0_14.08,47.984455958549226,9.041450777202073,20.069760793264248,8.761098445595856,9.711165803108807,7.169689119170984,0.3947150259067358,0.6830051813471503,11.766321243523317,4.28,1.9207253886010363,0.12186528497409327,0.29689119170984457,20.177202072538858,2.9409326424870468,8.169533678756476,1.6519067357512953,2.3908290155440417
