site,bot_depth,secchi_depth,depth,temperature,salinity,oxygen,phosphate,total_phosphorus,silicate,nitrate_nitrite,nitrate,nitrite,ammonium,total_nitrogen,hydrogen_sulphide,ph,total_alkalinity,chlorophyll_a
site_54.32_11.55,24.730964467005077,6.9847715736040605,12.382052264213199,8.435522842639594,14.708365482233502,6.716852791878173,0.41258883248730965,2.54,15.13248730964467,4.28,3.617258883248731,0.45390862944162436,0.6832487309644669,19.4,1.2,8.08,1.587,2.074720812182741
site_54.63_14.28,32.19444444444444,5.738888888888889,16.425303983333336,12.434333333333333,7.526638888888889,6.4255555555555555,0.22,0.37,8.7,4.28,0.1,0.01,0.2,21.4,1.0,8.51,1.763111111111111,2.5972222222222228
site_55.0_14.08,47.38796680497925,8.508298755186722,22.344656609709542,7.431632780082988,9.573898340248961,7.313755186721992,0.46510373443983405,0.721058091286307,11.163485477178424,4.28,2.789834024896266,0.25641078838174275,0.750207468879668,22.11701244813278,9.737136929460581,8.080165975103736,1.6642883817427385,1.5209543568464732
