site,bot_depth,secchi_depth,depth,temperature,salinity,oxygen,phosphate,total_phosphorus,silicate,nitrate_nitrite,nitrate,nitrite,ammonium,total_nitrogen,hydrogen_sulphide,ph,total_alkalinity,chlorophyll_a
site_54.32_11.55,24.11320754716981,8.922641509433962,12.123087381132075,8.605283018867924,15.440094339622643,7.069056603773586,0.39943396226415095,0.8775471698113207,13.169811320754716,3.372264150943396,1.7867924528301888,0.29150943396226414,0.49433962264150944,21.760377358490565,0.5,7.889999999999999,1.5870000000000002,2.2322641509433963
site_54.63_14.28,,,,,,,,,,,,,,,,,,
site_55.0_14.08,47.90384615384615,7.788461538461538,21.237179487179485,7.2316602564102554,9.951128205128205,7.450961538461538,0.35615384615384615,0.595576923076923,8.929487179487179,4.964166666666666,1.4570512820512822,0.20602564102564103,0.26474358974358975,19.60192307692308,5.292307692307692,8.201346153846153,1.6453846153846154,1.9570512820512822
