site,bot_depth,secchi_depth,depth,temperature,salinity,oxygen,phosphate,total_phosphorus,silicate,nitrate_nitrite,nitrate,nitrite,ammonium,total_nitrogen,hydrogen_sulphide,ph,total_alkalinity,chlorophyll_a
site_54.32_11.55,24.735042735042736,7.294017094017094,12.263730666666666,9.535393162393163,14.983119658119659,6.467863247863248,0.7330769230769231,1.2972649572649573,16.11965811965812,4.28,2.6059829059829056,0.34341880341880343,1.994871794871795,22.049572649572646,0.9547008547008548,8.08,1.587,2.667863247863248
site_54.63_14.28,32.0,3.3923076923076922,15.517380726923077,12.063846153846153,7.9566923076923075,6.21076923076923,0.3853846153846154,0.6323076923076923,15.876923076923077,4.28,0.5615384615384615,0.13615384615384615,0.7461538461538461,17.346153846153847,17.984615384615385,8.51,1.6346153846153846,5.107692307692308
site_55.0_14.08,47.92045454545455,6.7102272727272725,21.289772727272727,8.959607954545454,9.404443181818182,7.079829545454545,0.4256818181818182,0.7432954545454545,12.24602272727273,4.28,1.8164772727272727,0.15812500000000002,0.6852272727272727,20.451704545454547,15.482386363636364,8.181647727272725,1.55,2.5011363636363635
