site,bot_depth,secchi_depth,depth,temperature,salinity,oxygen,phosphate,total_phosphorus,silicate,nitrate_nitrite,nitrate,nitrite,ammonium,total_nitrogen,hydrogen_sulphide,ph,total_alkalinity,chlorophyll_a
site_54.32_11.55,24.75,8.347222222222221,12.38444447222222,9.171583333333334,15.50527777777778,6.738472222222223,0.49138888888888893,0.8802777777777778,12.418055555555556,4.28,2.459722222222222,0.2761111111111111,0.8083333333333333,20.648611111111112,1.2,8.08,1.587,2.02
site_54.63_14.28,32.0,6.0,20.810012,15.300333333333334,7.683666666666666,6.503333333333333,0.05000000000000001,0.2733333333333334,10.633333333333333,4.28,0.10000000000000002,0.01,0.7666666666666667,16.633333333333333,1.0,8.51,1.6529999999999998,0.3
site_55.0_14.08,47.51381215469613,6.3121546961325965,21.025654554696132,8.123513812154696,9.495176795580111,7.257127071823204,0.3829281767955801,0.8676795580110498,12.306629834254144,4.28,2.1773480662983427,0.19696132596685081,0.5132596685082873,22.025966850828727,10.492265193370166,8.09707182320442,1.6424088397790055,2.595027624309392
