site,bot_depth,secchi_depth,depth,temperature,salinity,oxygen,phosphate,total_phosphorus,silicate,nitrate_nitrite,nitrate,nitrite,ammonium,total_nitrogen,hydrogen_sulphide,ph,total_alkalinity,chlorophyll_a
site_54.32_11.55,25.324324324324323,7.837837837837838,12.315248638783784,8.784216216216217,16.152783783783786,6.6235135135135135,0.46621621621621623,0.8731081081081081,12.99189189189189,4.28,2.4,0.21472972972972973,1.3364864864864865,19.3472972972973,0.5,8.006891891891891,1.587,2.0318918918918922
site_54.63_14.28,32.0,8.0,29.728397,12.0225,10.119499999999999,4.404999999999999,0.24,0.51,12.8,4.28,0.2,0.02,0.5,17.0,10.0,8.51,1.55,0.1
site_55.0_14.08,47.946107784431135,7.8562874251497,21.458015190059882,7.23551497005988,10.693754491017964,7.394131736526946,0.4016766467065868,0.6766467065868264,10.761077844311377,4.28,1.38562874251497,0.22023952095808383,0.5796407185628742,19.981437125748503,3.525149700598803,8.28,1.55,1.3275449101796408
