site,bot_depth,secchi_depth,depth,temperature,salinity,oxygen,phosphate,total_phosphorus,silicate,nitrate_nitrite,nitrate,nitrite,ammonium,total_nitrogen,hydrogen_sulphide,ph,total_alkalinity,chlorophyll_a
site_54.32_11.55,24.28,7.586666666666667,12.092395298666666,11.06948,15.20632,6.164000000000001,0.5250666666666667,0.9434666666666668,14.093333333333334,4.28,2.0146666666666664,0.22413333333333332,0.964,20.88133333333333,1.2,8.08,1.587,2.212
site_54.63_14.28,32.666666666666664,5.2,15.333333333333334,9.40325,7.477916666666666,7.420833333333333,0.09000000000000001,0.31,9.3,4.28,0.3,0.24,0.20000000000000004,17.6,56.20000000000001,8.51,1.77525,2.2158333333333333
site_55.0_14.08,48.12921348314607,7.348314606741573,21.46460642022472,8.636848314606741,9.6795,6.859831460674157,0.39455056179775283,0.6643258426966292,11.537640449438202,4.28,1.7932584269662921,0.17219101123595504,0.39157303370786517,19.839887640449437,20.608988764044945,8.014325842696628,1.594,2.446067415730337
